Label,Not Religious,Very Religious
"Preference for inaction
 [Interventionism]",0.0409597870744364,0.156249244142947
"Sparing females
 [Gender]",0.246917212128982,0.197276997012394
"Sparing higher status
 [Social Status]",-0.021521233533356,-0.0881465039962522
"Sparing humans
 [Species]",0.351541888176127,0.383477878108051
"Sparing more characters
 [No. Characters]",0.168453381234129,0.0758305463010748
"Sparing pedestrians
 [Relation to AV]",0.0780612053377416,0.261378861031484
"Sparing the fit
 [Fitness]",-0.139880181479324,-0.173765820668159
"Sparing the lawful
[Law]",0.0748529312326729,0.0474025974025973
"Sparing the younger
 [Age]",0.0202354779398992,0.102284422565552
