Label,Conservative,Progressive
"Preference for inaction
 [Interventionism]",0.0505086803097639,0.0610274651799754
"Sparing females
 [Gender]",0.117655699600924,0.152348499222521
"Sparing higher status
 [Social Status]",0.380151261935313,0.34149319032687
"Sparing humans
 [Species]",0.543540895688035,0.629106594018491
"Sparing more characters
 [No. Characters]",0.527139572443335,0.565446328156439
"Sparing pedestrians
 [Relation to AV]",0.0567785711493478,0.0985180555646618
"Sparing the fit
 [Fitness]",0.174140310586876,0.156855708430379
"Sparing the lawful
[Law]",0.421280999810244,0.417302493987037
"Sparing the younger
 [Age]",0.511803412635131,0.523986228098165
