Label,Female,Male
"Preference for inaction
 [Interventionism]",0.0180109060801922,0.036081851300152
"Sparing females
 [Gender]",0.433578222581409,0.246807755427052
"Sparing higher status
 [Social Status]",-0.0400664903080315,-0.0128173069801424
"Sparing humans
 [Species]",0.52275050559701,0.393010936460147
"Sparing more characters
 [No. Characters]",0.137792617505212,0.183232510901889
"Sparing pedestrians
 [Relation to AV]",0.0028327713237248,0.0732949562655369
"Sparing the fit
 [Fitness]",-0.25505162920887,-0.142754989052832
"Sparing the lawful
[Law]",0.070943631267518,0.0820751786269028
"Sparing the younger
 [Age]",0.189338030807203,0.132243619436421
