Label,Female,Male
"Preference for inaction
 [Interventionism]",-0.173225590331155,0.013554063600205
"Sparing females
 [Gender]",0.117121572814008,-0.197756244271818
"Sparing higher status
 [Social Status]",-0.073539323336078,0.10414473370422
"Sparing humans
 [Species]",0.255160925970511,0.0565900972344542
"Sparing more characters
 [No. Characters]",0.377368984238326,0.430248643146483
"Sparing pedestrians
 [Relation to AV]",-0.0556075969278702,0.0364657964713842
"Sparing the fit
 [Fitness]",-0.10779588487411,0.16687100217297
"Sparing the lawful
[Law]",-0.348281016442451,-0.301064859632139
"Sparing the younger
 [Age]",-0.0695071219242538,-0.223337543920629
