Label,Not Religious,Very Religious
"Preference for inaction
 [Interventionism]",-0.10525145744933,-0.168707502662945
"Sparing females
 [Gender]",-0.079772179413449,0.216078072726768
"Sparing higher status
 [Social Status]",0.104983609952494,0.0896418110566651
"Sparing humans
 [Species]",0.16468386356164,-0.159606840905784
"Sparing more characters
 [No. Characters]",0.252232123184305,0.0183279178286202
"Sparing pedestrians
 [Relation to AV]",-0.317529997391531,-0.327811418965842
"Sparing the fit
 [Fitness]",-0.0037812531228587,-0.0047547969237352
"Sparing the lawful
[Law]",-0.372717757878823,-0.280312907431551
"Sparing the younger
 [Age]",-0.124861779817244,0.0941578804463027
