Label,Higher Income,Lower Income
"Preference for inaction
 [Interventionism]",-0.0138670371822267,-0.0268699855943256
"Sparing females
 [Gender]",0.265510169313226,0.209733302121405
"Sparing higher status
 [Social Status]",-0.0098311994656881,0.0606394838180158
"Sparing humans
 [Species]",0.411302222258678,0.259714225482821
"Sparing more characters
 [No. Characters]",0.127661312014336,0.091022953479633
"Sparing pedestrians
 [Relation to AV]",0.0360460433655214,-0.075303881074245
"Sparing the fit
 [Fitness]",-0.155969105727955,-0.0874416410567976
"Sparing the lawful
[Law]",0.079842194251362,0.0366961064809057
"Sparing the younger
 [Age]",0.096254024931987,0.0298148935204175
