Label,Western,Eastern
"Preference for inaction
 [Interventionism]",-0.0191982957124109,0.0034059188712418
"Sparing females
 [Gender]",0.229878435613213,0.258757128978537
"Sparing higher status
 [Social Status]",0.0535051283942058,0.0733792764510703
"Sparing humans
 [Species]",0.414470564325351,0.455678807297553
"Sparing more characters
 [No. Characters]",0.174032004930684,0.154466687301895
"Sparing pedestrians
 [Relation to AV]",-0.0042753456889254,-0.0219662625447796
"Sparing the fit
 [Fitness]",-0.137236187609558,-0.152602758690829
"Sparing the lawful
[Law]",0.0772200772200773,0.0678293366552477
"Sparing the younger
 [Age]",0.031417157280387,0.095168881502595
