Label,Conservative,Progressive
"Preference for inaction
 [Interventionism]",-0.068214358547355,-0.208787609022106
"Sparing females
 [Gender]",-0.127618813734429,-0.0416671982661777
"Sparing higher status
 [Social Status]",0.213898363404164,0.0979733317679917
"Sparing humans
 [Species]",0.0830390839123635,0.154966775955376
"Sparing more characters
 [No. Characters]",0.111694455613909,0.459439318408697
"Sparing pedestrians
 [Relation to AV]",-0.230756061264536,0.0407552981965839
"Sparing the fit
 [Fitness]",0.0491454065783615,0.114374425543301
"Sparing the lawful
[Law]",-0.289977046671767,-0.40304781923279
"Sparing the younger
 [Age]",-0.0239357875165029,-0.184666320978195
