Label,Higher Income,Lower Income
"Preference for inaction
 [Interventionism]",0.21292402733482,0.22501964174486
"Sparing females
 [Gender]",0.228002778355185,0.25300800521712
"Sparing higher status
 [Social Status]",0.124499577864724,0.0923847470872963
"Sparing humans
 [Species]",0.895847547149036,0.885710882586538
"Sparing more characters
 [No. Characters]",0.182064409887338,0.254127722019765
"Sparing pedestrians
 [Relation to AV]",0.612362743394586,0.541579417998331
"Sparing the fit
 [Fitness]",-0.112347699868746,-0.0940909989089328
"Sparing the lawful
[Law]",0.55693376333416,0.577987343342847
"Sparing the younger
 [Age]",0.291791414135903,0.32329209491305
