Label,Not Religious,Very Religious
"Preference for inaction
 [Interventionism]",0.208929787388026,0.240597544325005
"Sparing females
 [Gender]",0.188981530224361,0.20048921817555
"Sparing higher status
 [Social Status]",0.125497551081577,0.0321094185453025
"Sparing humans
 [Species]",0.898495605463976,0.891350131039868
"Sparing more characters
 [No. Characters]",0.287007099737755,0.186073149699366
"Sparing pedestrians
 [Relation to AV]",0.60031529966,0.680533501573679
"Sparing the fit
 [Fitness]",-0.0718124097568921,-0.150858009043713
"Sparing the lawful
[Law]",0.569131433538214,0.463117097655505
"Sparing the younger
 [Age]",0.281343681086196,0.240853447953324
